familiarization_day,level,prop,group.sd,group.se
1,group,0.93125,0.088388348,0.039528471
2,group,0.821875,0.219348671,0.098095708
3,group,0.810416667,0.126910011,0.056755882
4,group,0.7875,0.164208056,0.073436075
5,group,0.766666667,0.142539329,0.063745526
1,cumulative,0.933333333,NA,NA
2,cumulative,0.96,NA,NA
3,cumulative,0.973333333,NA,NA
4,cumulative,0.973333333,NA,NA
5,cumulative,0.986666667,NA,NA
